hour,day,month,year,temperature(°C),humidity(%),cloudcover(%),windspeed(km/h),irrediance(W/m²),Predicted_Consumption_kWh
0,1,10,2024,18.1,94,100,9.7,0.0,5.859020298605684
1,1,10,2024,18.4,93,100,10.6,0.0,5.859020298605684
2,1,10,2024,18.4,92,66,11.3,0.0,5.8625216732778656
3,1,10,2024,18.3,94,100,13.8,0.0,5.867504812747455
4,1,10,2024,18.4,94,51,14.8,0.0,5.871006187419637
5,1,10,2024,18.5,93,74,15.7,0.0,5.871006187419637
6,1,10,2024,18.5,92,84,11.1,0.0,5.8625216732778656
7,1,10,2024,18.2,93,100,14.2,0.0,5.867504812747455
8,1,10,2024,17.8,94,100,12.3,4.3,5.857713116750897
9,1,10,2024,18.3,92,89,16.3,0.0,5.871006187419637
10,1,10,2024,18.4,90,100,16.2,1.2,5.867504812747455
11,1,10,2024,19.1,86,96,20.0,25.2,5.8766396110665315
12,1,10,2024,19.9,84,100,19.8,18.8,5.872476622955989
13,1,10,2024,19.3,84,100,18.4,36.3,5.896694135659039
14,1,10,2024,19.9,79,100,23.2,16.5,5.888372386851061
15,1,10,2024,19.2,87,100,27.4,61.5,5.872018638005024
16,1,10,2024,19.3,88,83,26.8,1.8,5.8567519654343165
17,1,10,2024,18.9,90,94,25.9,23.9,5.853484623720981
18,1,10,2024,19.1,87,100,22.5,7.8,5.232437022325063
19,1,10,2024,17.6,93,100,18.2,0.0,5.217304500774218
20,1,10,2024,18.1,91,100,18.8,0.0,5.217304500774218
21,1,10,2024,18.1,92,100,17.9,0.0,5.2181121671693935
22,1,10,2024,18.2,92,91,15.9,0.0,5.221613541841575
23,1,10,2024,18.5,92,100,14.4,0.0,5.2134069783000525
0,2,10,2024,18.5,92,61,9.2,0.0,5.8625216732778656
1,2,10,2024,18.0,89,36,8.0,0.0,5.8625216732778656
2,2,10,2024,19.6,59,23,18.9,0.0,5.86640252672352
3,2,10,2024,20.6,59,27,23.3,0.0,5.86640252672352
4,2,10,2024,19.6,67,66,29.1,0.0,5.866105348141615
5,2,10,2024,19.5,71,62,22.2,0.0,5.86640252672352
6,2,10,2024,19.6,74,44,15.8,0.0,5.86640252672352
7,2,10,2024,17.5,84,28,19.1,0.0,5.874671746028741
8,2,10,2024,19.0,84,57,15.2,10.8,5.860714702625326
9,2,10,2024,20.4,85,100,18.6,75.9,5.868279183469066
10,2,10,2024,19.3,83,86,15.8,4.7,5.860714702625326
11,2,10,2024,20.1,76,100,17.6,109.6,5.8705655148340625
12,2,10,2024,20.4,66,60,26.4,96.3,5.866339381100461
13,2,10,2024,21.1,66,56,27.1,150.3,5.873210139621663
14,2,10,2024,21.2,62,36,27.1,306.1,5.87386430932261
15,2,10,2024,20.3,70,93,27.0,350.4,5.866993550801409
16,2,10,2024,20.9,62,26,26.7,189.1,5.873210139621663
17,2,10,2024,20.5,61,13,27.2,159.7,5.861812622873183
18,2,10,2024,19.6,65,29,24.3,50.0,5.241571289886581
19,2,10,2024,18.8,67,18,22.1,0.0,5.226362926092594
20,2,10,2024,18.4,69,21,21.4,0.0,5.226362926092594
21,2,10,2024,18.0,64,18,18.2,0.0,5.227170592487769
22,2,10,2024,18.1,60,17,16.9,0.0,5.227170592487769
23,2,10,2024,18.1,61,39,17.3,0.0,5.232241353575326
0,3,10,2024,18.0,62,20,15.9,0.0,5.880359570126935
1,3,10,2024,18.0,62,11,14.1,0.0,5.880359570126935
2,3,10,2024,17.4,63,28,10.5,0.0,5.875852457692999
3,3,10,2024,18.2,63,22,14.0,0.0,5.880359570126935
4,3,10,2024,17.6,67,48,11.5,0.0,5.871875055985164
5,3,10,2024,17.7,66,33,10.5,0.0,5.871875055985164
6,3,10,2024,17.4,67,34,10.9,0.0,5.871875055985164
7,3,10,2024,17.1,68,13,9.5,0.0,5.875852457692999
8,3,10,2024,17.7,68,3,10.5,36.9,5.880015445803542
9,3,10,2024,19.9,62,27,14.5,144.2,5.8705655148340625
10,3,10,2024,20.7,55,52,24.0,260.1,5.861349917215484
11,3,10,2024,20.9,55,60,24.5,269.6,5.868220675736685
12,3,10,2024,21.0,56,44,24.1,232.5,5.868220675736685
13,3,10,2024,21.6,52,100,22.8,200.6,5.867863684617642
14,3,10,2024,21.9,51,44,24.5,201.1,5.867566506035738
15,3,10,2024,22.6,49,23,22.6,308.2,5.86851785431859
16,3,10,2024,21.9,52,50,23.3,257.3,5.86851785431859
17,3,10,2024,21.2,54,2,20.3,98.1,5.871792639769339
18,3,10,2024,20.6,57,2,17.7,47.4,5.207302580789709
19,3,10,2024,19.2,62,1,15.1,0.0,5.203139592679166
20,3,10,2024,18.5,65,2,14.8,0.0,5.203139592679166
21,3,10,2024,18.1,67,3,13.3,0.0,5.199546712480963
22,3,10,2024,17.6,70,2,11.9,0.0,5.199546712480963
23,3,10,2024,17.0,75,1,11.7,0.0,5.204617473568519
0,4,10,2024,16.8,77,6,12.6,0.0,5.874545275838212
1,4,10,2024,16.7,78,8,11.5,0.0,5.875852457692999
2,4,10,2024,16.6,79,14,11.1,0.0,5.875852457692999
3,4,10,2024,16.0,83,1,10.7,0.0,5.875057093926216
4,4,10,2024,15.4,85,0,8.7,0.0,5.877384038213103
5,4,10,2024,14.9,83,0,7.7,0.0,5.877384038213103
6,4,10,2024,14.6,82,0,7.6,0.0,5.877384038213103
7,4,10,2024,14.1,84,0,6.6,0.0,5.877384038213103
8,4,10,2024,15.6,79,0,9.1,41.3,5.88723485042184
9,4,10,2024,18.1,70,2,10.5,176.9,5.880015445803542
10,4,10,2024,19.7,62,1,11.7,334.2,5.880669615504489
11,4,10,2024,20.9,58,24,13.3,467.1,5.8780904430562115
12,4,10,2024,21.9,52,27,14.5,423.1,5.872446809470286
13,4,10,2024,22.4,49,8,15.1,482.9,5.872446809470286
14,4,10,2024,22.7,49,13,15.4,541.9,5.872446809470286
15,4,10,2024,22.8,48,7,14.8,446.6,5.872446809470286
16,4,10,2024,22.3,49,8,16.5,338.5,5.872446809470286
17,4,10,2024,21.3,52,0,16.8,194.0,5.874119584056226
18,4,10,2024,20.1,58,0,14.5,56.8,5.207302580789709
19,4,10,2024,18.4,64,0,11.5,0.0,5.204446774533953
20,4,10,2024,17.4,68,0,11.8,0.0,5.204446774533953
21,4,10,2024,16.8,71,0,12.2,0.0,5.199546712480963
22,4,10,2024,16.2,73,0,11.3,0.0,5.203786895623927
23,4,10,2024,15.6,74,0,11.3,0.0,5.20919745811621
0,5,10,2024,15.3,75,0,10.9,0.0,5.883071862311297
1,5,10,2024,14.9,77,0,10.8,0.0,5.883071862311297
2,5,10,2024,14.7,78,0,10.9,0.0,5.883071862311297
3,5,10,2024,13.9,85,3,8.5,0.0,5.875057093926216
4,5,10,2024,13.5,87,3,7.9,0.0,5.86889960030799
5,5,10,2024,13.7,88,4,8.4,0.0,5.868690572355263
6,5,10,2024,13.8,89,3,8.5,0.0,5.868690572355263
7,5,10,2024,13.7,89,5,7.8,0.0,5.868690572355263
8,5,10,2024,15.1,86,4,8.7,34.8,5.899274606629266
9,5,10,2024,17.4,80,9,8.7,154.6,5.880015445803542
10,5,10,2024,19.8,72,13,10.0,302.9,5.880669615504489
11,5,10,2024,21.5,60,42,16.8,431.1,5.8780904430562115
12,5,10,2024,22.7,52,85,17.4,423.2,5.872446809470286
13,5,10,2024,23.1,51,56,17.2,352.8,5.872446809470286
14,5,10,2024,23.5,50,35,17.8,457.2,5.872446809470286
15,5,10,2024,23.9,51,63,13.0,411.9,5.872446809470286
16,5,10,2024,23.1,54,48,21.3,280.2,5.872446809470286
17,5,10,2024,21.6,59,30,23.6,154.0,5.873210139621663
18,5,10,2024,20.6,64,30,21.9,40.1,5.2455002450382775
19,5,10,2024,19.7,68,31,18.4,0.0,5.226362926092594
20,5,10,2024,19.2,70,31,18.7,0.0,5.226362926092594
21,5,10,2024,18.8,72,31,15.2,0.0,5.227170592487769
22,5,10,2024,18.3,75,30,13.8,0.0,5.227170592487769
23,5,10,2024,17.7,78,30,11.1,0.0,5.232241353575326
0,6,10,2024,17.2,81,28,10.3,0.0,5.8665852976349715
1,6,10,2024,16.9,83,6,9.9,0.0,5.8665852976349715
2,6,10,2024,16.4,85,0,9.4,0.0,5.8692247177055785
3,6,10,2024,16.7,85,15,8.7,0.0,5.8665852976349715
4,6,10,2024,16.3,87,31,8.9,0.0,5.8649804629434295
5,6,10,2024,16.2,88,14,8.9,0.0,5.865111236395429
6,6,10,2024,15.8,89,20,7.4,0.0,5.865111236395429
7,6,10,2024,15.2,90,9,6.0,0.0,5.865111236395429
8,6,10,2024,16.3,88,13,6.3,32.7,5.869274224505972
9,6,10,2024,18.5,82,21,4.8,138.9,5.874149778478712
10,6,10,2024,20.5,77,21,5.7,259.8,5.88101934909713
11,6,10,2024,22.1,64,54,12.2,352.3,5.8786764545032355
12,6,10,2024,23.1,57,40,16.0,423.2,5.874511107096378
13,6,10,2024,23.5,53,82,17.9,422.3,5.868867473510453
14,6,10,2024,23.4,52,80,19.2,327.0,5.868867473510453
15,6,10,2024,23.6,51,5,19.1,276.8,5.868867473510453
16,6,10,2024,22.8,55,4,19.2,320.0,5.868867473510453
17,6,10,2024,21.9,59,0,18.4,178.4,5.8761838816823175
18,6,10,2024,20.9,64,0,17.1,47.5,5.210594003351077
19,6,10,2024,19.5,71,22,17.0,0.0,5.22278359013276
20,6,10,2024,19.2,74,34,17.9,0.0,5.22278359013276
21,6,10,2024,19.1,74,34,17.6,0.0,5.223591256527936
22,6,10,2024,19.1,74,34,17.0,0.0,5.223591256527936
23,6,10,2024,19.2,75,39,16.6,0.0,5.228662017615492
0,7,10,2024,18.9,78,57,17.3,0.0,5.847139518094919
1,7,10,2024,18.2,85,39,18.9,0.0,5.855408737400141
2,7,10,2024,17.8,88,40,15.5,0.0,5.851743178791036
3,7,10,2024,17.0,91,60,16.6,0.0,5.851743178791036
4,7,10,2024,17.0,92,26,15.5,0.0,5.851743178791036
5,7,10,2024,17.3,91,55,15.1,0.0,5.851743178791036
6,7,10,2024,17.8,89,51,15.6,0.0,5.851743178791036
7,7,10,2024,17.5,89,34,14.5,0.0,5.851743178791036
8,7,10,2024,17.9,87,15,15.4,24.0,5.855775393449579
9,7,10,2024,19.5,78,4,18.5,136.7,5.851302506205462
10,7,10,2024,20.9,69,32,21.0,295.4,5.858827434427611
11,7,10,2024,21.9,62,12,20.5,354.7,5.858827434427611
12,7,10,2024,22.7,57,12,19.7,422.2,5.858827434427611
13,7,10,2024,23.2,53,14,19.1,449.5,5.853183800841686
14,7,10,2024,23.4,51,21,19.1,422.9,5.853183800841686
15,7,10,2024,23.8,50,12,19.3,423.3,5.853183800841686
16,7,10,2024,23.0,52,0,20.3,309.0,5.855510745128573
17,7,10,2024,22.1,55,0,17.2,180.0,5.854856575427625
18,7,10,2024,20.9,60,0,15.0,46.4,5.19491033068231
19,7,10,2024,19.0,66,0,12.4,0.0,5.183876584050566
20,7,10,2024,18.0,71,0,11.0,0.0,5.185183765905353
21,7,10,2024,17.2,78,0,9.3,0.0,5.180283703852362
22,7,10,2024,16.6,83,0,8.2,0.0,5.174595879754168
23,7,10,2024,15.9,86,0,7.4,0.0,5.188010607856553
0,8,10,2024,15.1,88,0,6.9,0.0,5.854276955024504
1,8,10,2024,14.5,88,0,7.1,0.0,5.854276955024504
2,8,10,2024,13.6,89,0,8.2,0.0,5.854276955024504
3,8,10,2024,13.7,92,0,8.4,0.0,5.854276955024504
4,8,10,2024,15.7,84,0,7.2,0.0,5.8581210295845025
5,8,10,2024,15.4,89,0,7.6,0.0,5.854276955024504
6,8,10,2024,15.3,91,0,7.3,0.0,5.854276955024504
7,8,10,2024,16.2,90,1,6.5,0.0,5.849427563726662
8,8,10,2024,15.7,93,10,6.2,30.7,5.853590551837205
9,8,10,2024,18.4,84,18,5.2,141.3,5.858466105809945
10,8,10,2024,20.1,75,0,8.5,311.0,5.863733551162776
11,8,10,2024,21.4,65,0,13.2,450.4,5.861154378714498
12,8,10,2024,22.1,62,0,15.8,535.5,5.861154378714498
13,8,10,2024,22.3,64,0,18.6,563.3,5.861154378714498
14,8,10,2024,22.2,69,1,20.4,537.2,5.858827434427611
15,8,10,2024,22.8,65,0,19.9,455.4,5.861154378714498
16,8,10,2024,22.9,59,0,18.4,333.8,5.861154378714498
17,8,10,2024,22.3,62,2,17.7,183.2,5.8581732647266636
18,8,10,2024,21.2,68,0,15.3,44.3,5.19491033068231
19,8,10,2024,20.2,74,0,12.6,0.0,5.183876584050566
20,8,10,2024,20.1,77,0,12.8,0.0,5.183876584050566
21,8,10,2024,20.4,74,0,15.0,0.0,5.180283703852362
22,8,10,2024,20.5,76,5,16.3,0.0,5.1959000456296005
23,8,10,2024,20.6,72,9,15.9,0.0,5.212978344946725
0,9,10,2024,19.9,77,44,10.7,0.0,5.852612047356564
1,9,10,2024,19.4,72,16,8.4,0.0,5.856589449064399
2,9,10,2024,19.0,64,15,13.5,0.0,5.847139518094919
3,9,10,2024,18.8,84,100,30.1,0.0,5.855111558818236
4,9,10,2024,18.3,84,100,33.3,0.0,5.855111558818236
5,9,10,2024,17.9,82,44,31.8,0.0,5.855111558818236
6,9,10,2024,17.4,80,100,28.2,0.0,5.86079938291643
7,9,10,2024,17.3,74,100,27.1,0.0,5.86079938291643
8,9,10,2024,17.2,70,100,25.8,0.0,5.86079938291643
9,9,10,2024,17.4,65,100,25.4,0.0,5.86079938291643
10,9,10,2024,17.6,61,100,26.7,0.0,5.86079938291643
11,9,10,2024,17.9,55,100,27.4,9.9,5.855155749330505
12,9,10,2024,17.6,55,63,25.2,2.1,5.855155749330505
13,9,10,2024,18.2,53,100,25.5,9.1,5.855155749330505
14,9,10,2024,18.6,51,100,24.0,103.7,5.855389782289351
15,9,10,2024,18.4,50,100,21.7,67.7,5.859615916022952
16,9,10,2024,17.7,51,100,19.6,60.0,5.859615916022952
17,9,10,2024,17.2,54,79,19.4,54.1,5.859615916022952
18,9,10,2024,16.5,56,22,17.8,13.2,5.201456283878068
19,9,10,2024,15.6,60,1,14.7,0.0,5.188456568598257
20,9,10,2024,14.7,65,10,12.2,0.0,5.241087757739263
21,9,10,2024,14.1,69,28,11.4,0.0,5.241895424134438
22,9,10,2024,13.9,70,8,9.9,0.0,5.241895424134438
23,9,10,2024,13.5,72,10,8.0,0.0,5.250730167689132
0,10,10,2024,13.0,75,11,6.9,0.0,5.8995881158029615
1,10,10,2024,12.8,76,11,6.8,0.0,5.8995881158029615
2,10,10,2024,12.6,77,3,6.5,0.0,5.902278029147746
3,10,10,2024,12.6,79,0,6.1,0.0,5.908534042987108
4,10,10,2024,11.3,86,5,10.0,0.0,5.919005471454688
5,10,10,2024,12.1,85,4,8.2,0.0,5.919005471454688
6,10,10,2024,12.4,86,15,7.6,0.0,5.8992401919219875
7,10,10,2024,15.4,76,38,4.5,0.0,5.859058332644083
8,10,10,2024,14.4,84,6,3.7,13.2,5.8534188407012495
9,10,10,2024,16.6,74,58,3.6,141.0,5.858328860423215
10,10,10,2024,17.9,71,60,4.7,140.5,5.858328860423215
11,10,10,2024,19.0,66,7,9.5,222.1,5.84220974628652
12,10,10,2024,19.9,60,12,11.0,464.3,5.859031362279523
13,10,10,2024,20.8,55,71,10.2,473.5,5.849410326985763
14,10,10,2024,20.9,55,100,10.2,221.9,5.839459469513962
15,10,10,2024,22.0,44,43,10.4,93.5,5.861061891739145
16,10,10,2024,21.2,46,19,13.0,280.5,5.852816004529667
17,10,10,2024,19.6,56,29,19.7,139.2,5.843283628023171
18,10,10,2024,18.5,59,15,17.6,25.1,5.223861991813311
19,10,10,2024,17.2,63,2,15.9,0.0,5.1815013394542
20,10,10,2024,16.7,66,0,16.2,0.0,5.1815013394542
21,10,10,2024,16.5,67,4,17.6,0.0,5.193524801033234
22,10,10,2024,16.2,67,9,17.7,0.0,5.209772522405767
23,10,10,2024,15.9,67,28,16.8,0.0,5.21518308489805
0,11,10,2024,15.7,65,30,16.1,0.0,5.84363985463651
1,11,10,2024,15.5,62,29,14.3,0.0,5.84363985463651
2,11,10,2024,14.6,65,35,7.7,0.0,5.8351553404947385
3,11,10,2024,15.4,65,11,14.6,0.0,5.84363985463651
4,11,10,2024,14.8,74,3,13.8,0.0,5.84363985463651
5,11,10,2024,14.4,75,8,12.5,0.0,5.837825560347786
6,11,10,2024,13.9,75,19,9.2,0.0,5.839132742202573
7,11,10,2024,14.5,70,44,13.0,0.0,5.84363985463651
8,11,10,2024,15.2,73,37,21.4,19.9,5.84363985463651
9,11,10,2024,16.0,70,37,24.2,79.7,5.843576709013451
10,11,10,2024,17.0,67,39,25.5,193.9,5.83868424868204
11,11,10,2024,18.0,62,46,28.9,217.8,5.83868424868204
12,11,10,2024,18.4,61,49,31.5,277.8,5.8393384183829875
13,11,10,2024,18.5,60,97,31.7,302.2,5.8393384183829875
14,11,10,2024,18.2,60,100,31.4,48.4,5.83868424868204
15,11,10,2024,19.7,49,77,29.6,72.2,5.819083571692699
16,11,10,2024,19.0,49,39,29.0,102.3,5.819083571692699
17,11,10,2024,18.3,52,53,30.8,79.6,5.833040615096115
18,11,10,2024,17.3,55,2,25.8,17.7,5.168168890687164
19,11,10,2024,16.4,57,1,19.8,0.0,5.168640494931843
20,11,10,2024,16.3,56,3,18.4,0.0,5.166403370190849
21,11,10,2024,16.7,56,2,18.6,0.0,5.159403981147714
22,11,10,2024,16.4,64,1,16.6,0.0,5.1650476147336395
23,11,10,2024,16.0,64,3,13.7,0.0,5.174698360368887
0,12,10,2024,15.8,72,20,14.3,0.0,5.84363985463651
1,12,10,2024,16.0,75,6,15.0,0.0,5.84363985463651
2,12,10,2024,16.0,74,5,14.4,0.0,5.84363985463651
3,12,10,2024,15.9,74,4,13.2,0.0,5.84363985463651
4,12,10,2024,15.8,75,1,14.0,0.0,5.84363985463651
5,12,10,2024,15.6,77,1,12.0,0.0,5.839132742202573
6,12,10,2024,15.4,77,0,10.4,0.0,5.84145968648946
7,12,10,2024,14.9,76,5,8.4,0.0,5.839132742202573
8,12,10,2024,16.0,74,1,8.5,22.2,5.839132742202573
9,12,10,2024,18.2,69,1,12.3,144.9,5.837096088126918
10,12,10,2024,19.7,66,2,12.5,299.6,5.8377502578278655
11,12,10,2024,21.3,56,14,14.5,409.5,5.83083463364845
12,12,10,2024,22.3,50,32,13.7,474.9,5.83083463364845
13,12,10,2024,22.6,49,12,13.6,493.5,5.83083463364845
14,12,10,2024,23.0,47,4,15.4,479.2,5.832842081932797
15,12,10,2024,22.4,57,37,18.4,413.3,5.836478267234375
16,12,10,2024,21.2,64,9,21.7,160.1,5.835824097533427
17,12,10,2024,20.1,66,0,21.3,157.8,5.831280283299113
18,12,10,2024,19.0,67,0,19.4,30.5,5.172803483042386
19,12,10,2024,17.8,73,0,16.1,0.0,5.168640494931843
20,12,10,2024,17.1,76,0,14.5,0.0,5.168640494931843
21,12,10,2024,16.5,78,1,12.0,0.0,5.1650476147336395
22,12,10,2024,15.9,81,0,9.4,0.0,5.163939775183136
23,12,10,2024,15.2,85,0,7.7,0.0,5.17277451873783
0,13,10,2024,14.7,88,0,7.2,0.0,5.838152241300721
1,13,10,2024,14.4,89,0,7.3,0.0,5.838152241300721
2,13,10,2024,14.3,90,0,7.6,0.0,5.838152241300721
3,13,10,2024,13.6,91,77,5.0,0.0,5.829325448295044
4,13,10,2024,12.4,93,82,4.0,0.0,5.894908034479405
5,13,10,2024,11.8,92,79,3.4,0.0,5.925783722010259
6,13,10,2024,11.3,93,79,3.0,0.0,5.925783722010259
7,13,10,2024,11.1,93,77,1.6,0.0,5.9768498705256174
8,13,10,2024,12.0,89,71,2.3,13.3,5.94078452985461
9,13,10,2024,14.1,91,64,2.3,73.5,5.847121603485373
10,13,10,2024,17.1,78,0,0.4,259.6,5.921498890371297
11,13,10,2024,18.8,70,5,4.3,421.8,5.849210962704579
12,13,10,2024,19.9,64,10,3.9,481.3,5.849210962704579
13,13,10,2024,20.6,63,2,5.8,501.5,5.849210962704579
14,13,10,2024,20.9,63,1,8.0,498.4,5.852152651673307
15,13,10,2024,21.4,54,1,8.4,421.2,5.8465090180873815
16,13,10,2024,21.5,54,0,7.7,305.0,5.8488359623742685
17,13,10,2024,21.3,56,0,3.9,157.8,5.852110862225795
18,13,10,2024,19.8,70,0,3.2,29.4,5.188028170386237
19,13,10,2024,17.8,73,0,6.8,0.0,5.17993611272322
20,13,10,2024,16.3,81,10,7.0,0.0,5.201711805181417
21,13,10,2024,15.8,85,30,6.2,0.0,5.2015520911265325
22,13,10,2024,15.7,86,30,5.6,0.0,5.2015520911265325
23,13,10,2024,15.7,85,68,5.4,0.0,5.206622852214089
0,14,10,2024,15.7,85,60,5.2,0.0,5.829849338907177
1,14,10,2024,14.9,89,60,5.8,0.0,5.823482817336224
2,14,10,2024,15.1,88,62,8.4,0.0,5.823482817336224
3,14,10,2024,15.1,89,13,8.7,0.0,5.827460219044059
4,14,10,2024,14.5,90,30,8.1,0.0,5.827460219044059
5,14,10,2024,14.8,91,26,10.0,0.0,5.827460219044059
6,14,10,2024,15.0,91,2,10.7,0.0,5.827460219044059
7,14,10,2024,15.0,91,1,10.4,0.0,5.827460219044059
8,14,10,2024,15.4,91,0,11.4,20.1,5.832309610341901
9,14,10,2024,17.4,83,0,11.0,137.8,5.838825705414228
10,14,10,2024,19.5,75,0,12.3,289.7,5.840459024625385
11,14,10,2024,21.1,64,7,14.2,417.6,5.836860089745008
12,14,10,2024,22.2,58,27,13.8,475.1,5.836860089745008
13,14,10,2024,23.0,55,19,13.5,432.0,5.8312164561590825
14,14,10,2024,23.3,54,4,12.8,451.8,5.839359205273775
15,14,10,2024,23.1,48,5,17.3,396.0,5.8312164561590825
16,14,10,2024,21.9,51,4,20.0,291.5,5.8312164561590825
17,14,10,2024,20.5,59,1,18.8,150.2,5.829335161522859
18,14,10,2024,19.1,70,0,18.0,26.5,5.179027936511838
19,14,10,2024,17.9,77,0,15.6,0.0,5.174864948401296
20,14,10,2024,17.3,80,0,14.0,0.0,5.174864948401296
21,14,10,2024,16.8,83,0,11.7,0.0,5.165584244104898
22,14,10,2024,16.2,87,0,8.9,0.0,5.169824427247862
23,14,10,2024,15.6,89,0,7.7,0.0,5.1787899442545555
0,15,10,2024,15.3,89,0,7.1,0.0,5.826429606844304
1,15,10,2024,14.8,90,0,6.4,0.0,5.826429606844304
2,15,10,2024,14.3,91,0,5.9,0.0,5.826429606844304
3,15,10,2024,13.6,94,27,5.0,0.0,5.8215802155464615
4,15,10,2024,12.8,96,58,4.2,0.0,5.883688130764588
5,15,10,2024,13.0,94,73,2.1,0.0,5.893919805111177
6,15,10,2024,12.7,91,79,2.2,0.0,5.899259705328397
7,15,10,2024,12.8,92,89,1.6,0.0,5.934754279279947
8,15,10,2024,13.9,90,90,2.5,2.2,5.817602813838627
9,15,10,2024,15.0,90,90,0.8,32.2,5.82965088480635
10,15,10,2024,17.4,89,56,5.6,148.6,5.822975797312805
11,15,10,2024,19.6,74,44,10.7,357.2,5.829581856987853
12,15,10,2024,20.3,70,27,10.8,430.0,5.833559258695688
13,15,10,2024,20.6,70,4,11.3,490.3,5.833559258695688
14,15,10,2024,20.8,67,0,11.5,489.3,5.835886202982575
15,15,10,2024,21.8,65,1,11.8,413.2,5.84043001721689
16,15,10,2024,21.6,63,0,11.3,290.1,5.842756961503777
17,15,10,2024,21.1,63,0,10.7,147.9,5.842102791802829
18,15,10,2024,19.6,71,0,8.7,24.6,5.180335118366625
19,15,10,2024,17.5,85,0,5.7,0.0,5.174248288625026
20,15,10,2024,17.0,89,1,7.0,0.0,5.174379062077025
21,15,10,2024,16.7,91,2,8.2,0.0,5.165715017556898
22,15,10,2024,17.2,91,1,6.8,0.0,5.169479000024035
23,15,10,2024,17.4,90,0,6.9,0.0,5.174549761111591
0,16,10,2024,17.3,90,0,7.3,0.0,5.804582144905494
1,16,10,2024,18.2,88,4,9.0,0.0,5.7997327536076515
2,16,10,2024,18.5,86,12,10.2,0.0,5.803398312216756
3,16,10,2024,18.3,86,0,15.3,0.0,5.810232368937579
4,16,10,2024,18.1,83,8,14.5,0.0,5.807905424650692
5,16,10,2024,17.9,83,14,13.7,0.0,5.807905424650692
6,16,10,2024,17.6,85,64,9.8,0.0,5.799420910508921
7,16,10,2024,17.4,87,82,6.5,0.0,5.795624578447817
8,16,10,2024,17.8,86,50,9.9,2.2,5.799420910508921
9,16,10,2024,19.0,77,48,10.7,52.0,5.809271722717658
10,16,10,2024,20.0,69,100,18.5,202.4,5.803799193456014
11,16,10,2024,17.2,77,100,28.5,43.0,5.813530103125828
12,16,10,2024,16.6,72,100,31.1,69.2,5.813530103125828
13,16,10,2024,16.0,73,100,31.4,10.1,5.818188530498393
14,16,10,2024,15.8,74,100,27.4,3.9,5.818188530498393
15,16,10,2024,15.1,79,100,20.1,3.7,5.8184857090802975
16,16,10,2024,14.7,87,100,23.8,0.0,5.8063432127819725
17,16,10,2024,14.1,82,61,25.1,0.0,5.812500706400199
18,16,10,2024,13.9,82,62,21.2,0.0,5.205047159142502
19,16,10,2024,13.5,87,61,18.2,0.0,5.205047159142502
20,16,10,2024,13.8,83,64,17.1,0.0,5.205047159142502
21,16,10,2024,13.8,83,77,15.5,0.0,5.205854825537678
22,16,10,2024,14.0,81,82,14.6,0.0,5.205854825537678
23,16,10,2024,14.2,80,88,14.6,0.0,5.216613410723428
0,17,10,2024,14.4,77,58,13.8,0.0,5.8184857090802975
1,17,10,2024,14.0,77,55,13.2,0.0,5.8184857090802975
2,17,10,2024,13.7,75,17,13.2,0.0,5.8184857090802975
3,17,10,2024,14.4,69,94,18.3,0.0,5.8184857090802975
4,17,10,2024,13.9,71,100,15.6,0.0,5.8184857090802975
5,17,10,2024,13.9,72,96,15.3,0.0,5.8184857090802975
6,17,10,2024,14.1,72,32,17.2,0.0,5.8184857090802975
7,17,10,2024,13.9,73,33,17.4,0.0,5.8184857090802975
8,17,10,2024,13.8,77,71,18.1,11.3,5.8184857090802975
9,17,10,2024,15.3,71,51,19.5,42.4,5.82264869719084
10,17,10,2024,16.5,65,65,20.4,183.6,5.814087733906324
11,17,10,2024,17.3,61,82,23.6,196.5,5.809549124389003
12,17,10,2024,17.6,60,100,24.3,132.2,5.809549124389003
13,17,10,2024,18.1,58,100,24.8,165.1,5.809549124389003
14,17,10,2024,18.5,54,100,23.3,79.2,5.808183648121807
15,17,10,2024,19.6,44,35,17.6,34.1,5.803590535803217
16,17,10,2024,19.8,42,97,18.6,211.0,5.803590535803217
17,17,10,2024,18.0,53,35,25.7,25.3,5.807886469539903
18,17,10,2024,17.3,55,65,20.3,0.7,5.171103509379502
19,17,10,2024,16.5,59,57,18.8,0.0,5.172766164228602
20,17,10,2024,16.2,57,55,14.5,0.0,5.180987326108391
21,17,10,2024,15.8,61,88,16.3,0.0,5.182134793908293
22,17,10,2024,16.1,60,91,16.9,0.0,5.182134793908293
23,17,10,2024,16.4,59,93,16.3,0.0,5.1786445917113335
0,18,10,2024,16.3,63,100,16.0,0.0,5.82477985178414
1,18,10,2024,16.2,66,100,14.7,0.0,5.82477985178414
2,18,10,2024,15.7,73,94,16.6,0.0,5.8251196531888665
3,18,10,2024,15.2,72,100,9.2,0.0,5.816635139047095
4,18,10,2024,14.8,84,100,15.9,0.0,5.819431829090672
5,18,10,2024,14.6,88,100,15.7,0.0,5.809563932847538
6,18,10,2024,14.5,89,100,14.7,0.0,5.809563932847538
7,18,10,2024,14.6,89,100,16.7,0.0,5.809563932847538
8,18,10,2024,14.2,89,100,21.7,0.0,5.809563932847538
9,18,10,2024,14.4,86,66,21.9,0.0,5.819431829090672
10,18,10,2024,14.9,83,66,23.3,0.0,5.819431829090672
11,18,10,2024,15.5,79,100,21.0,6.6,5.8251196531888665
12,18,10,2024,15.7,76,93,18.5,11.5,5.8251196531888665
13,18,10,2024,16.1,72,94,18.8,6.0,5.8251196531888665
14,18,10,2024,16.0,71,97,19.0,4.8,5.8251196531888665
15,18,10,2024,17.7,64,47,20.6,1.8,5.807382023921449
16,18,10,2024,17.3,74,100,19.0,149.0,5.811545012031992
17,18,10,2024,15.9,78,28,21.3,11.1,5.8251196531888665
18,18,10,2024,15.2,82,57,17.7,6.6,5.182273247523493
19,18,10,2024,14.2,87,12,16.3,0.0,5.211681103251071
20,18,10,2024,14.1,88,20,12.3,0.0,5.211472075298344
21,18,10,2024,14.0,88,27,15.1,0.0,5.21227974169352
22,18,10,2024,13.6,89,75,10.5,0.0,5.21227974169352
23,18,10,2024,14.3,86,34,11.0,0.0,5.217559530733803
0,19,10,2024,14.1,89,49,14.3,0.0,5.813065307519719
1,19,10,2024,14.2,88,22,13.7,0.0,5.813065307519719
2,19,10,2024,13.6,90,26,10.2,0.0,5.808558195085783
3,19,10,2024,14.6,90,56,12.4,0.0,5.803273611523161
4,19,10,2024,14.1,92,100,9.0,0.0,5.801079418705767
5,19,10,2024,14.1,93,100,6.8,0.0,5.801079418705767
6,19,10,2024,14.3,91,61,6.2,0.0,5.804580793377948
7,19,10,2024,13.9,92,21,6.3,0.0,5.808558195085783
8,19,10,2024,14.1,90,26,7.5,9.1,5.808558195085783
9,19,10,2024,15.7,88,24,9.2,95.6,5.816122675929523
10,19,10,2024,17.1,79,7,4.1,236.8,5.817665867909289
11,19,10,2024,18.1,73,64,5.5,365.8,5.807643737143643
12,19,10,2024,18.0,74,77,12.2,124.9,5.801753316035434
13,19,10,2024,18.2,74,100,15.5,256.6,5.8121991817329395
14,19,10,2024,17.9,74,70,13.1,181.5,5.811545012031992
15,19,10,2024,18.9,70,12,8.7,205.0,5.807037899598056
16,19,10,2024,19.1,68,16,5.9,247.8,5.811621138851478
17,19,10,2024,18.5,70,30,7.2,122.7,5.807037899598056
18,19,10,2024,16.9,81,30,4.6,5.5,5.168189862259149
19,19,10,2024,15.6,88,30,6.7,0.0,5.1765417975909385
20,19,10,2024,15.7,87,28,5.4,0.0,5.176750825543666
21,19,10,2024,14.9,89,22,6.8,0.0,5.211602476431776
22,19,10,2024,14.6,88,1,7.2,0.0,5.1884198441538505
23,19,10,2024,15.0,88,0,6.9,0.0,5.189049357512526
0,20,10,2024,15.7,89,0,8.8,0.0,5.772240319561904
1,20,10,2024,15.9,89,0,10.3,0.0,5.772240319561904
2,20,10,2024,16.2,87,1,11.4,0.0,5.767260154812062
3,20,10,2024,16.2,82,0,19.4,0.0,5.7802517051511115
4,20,10,2024,16.1,83,0,18.5,0.0,5.78443477517188
5,20,10,2024,16.3,83,0,18.1,0.0,5.7802517051511115
6,20,10,2024,16.5,82,0,18.1,0.0,5.772030543271322
7,20,10,2024,16.5,80,0,20.1,0.0,5.777718367369516
8,20,10,2024,16.7,78,0,22.2,11.5,5.768541701386615
9,20,10,2024,17.6,74,0,25.0,120.5,5.763951797536278
10,20,10,2024,18.3,69,0,26.6,267.1,5.764605967237226
11,20,10,2024,19.0,66,1,26.6,390.3,5.748321979546923
12,20,10,2024,19.8,63,0,25.9,470.3,5.75064892383381
13,20,10,2024,20.5,60,0,25.1,496.1,5.75064892383381
14,20,10,2024,21.0,60,0,24.2,467.1,5.757519682355012
15,20,10,2024,21.6,62,0,24.0,385.7,5.757519682355012
16,20,10,2024,22.0,61,0,22.5,265.3,5.762343619164195
17,20,10,2024,21.9,63,0,20.0,126.4,5.765618404614944
18,20,10,2024,21.0,62,0,19.1,13.5,5.097248178391174
19,20,10,2024,20.6,66,0,20.5,0.0,5.090377419869973
20,20,10,2024,20.6,70,0,21.4,0.0,5.090377419869973
21,20,10,2024,20.5,73,0,21.4,0.0,5.086784539671769
22,20,10,2024,20.1,76,0,19.7,0.0,5.086784539671769
23,20,10,2024,19.9,77,0,20.1,0.0,5.091855300759326
0,21,10,2024,19.9,74,0,22.3,0.0,5.7545846579832
1,21,10,2024,19.8,73,0,22.6,0.0,5.7545846579832
2,21,10,2024,19.6,74,0,22.4,0.0,5.7545846579832
3,21,10,2024,19.0,80,0,19.6,0.0,5.7545846579832
4,21,10,2024,18.9,79,0,18.8,0.0,5.7545846579832
5,21,10,2024,18.9,78,1,18.6,0.0,5.752257713696313
6,21,10,2024,18.9,78,0,19.2,0.0,5.7545846579832
7,21,10,2024,18.9,77,0,19.2,0.0,5.7545846579832
8,21,10,2024,19.0,77,0,18.9,11.5,5.7545846579832
9,21,10,2024,20.2,74,0,19.4,119.7,5.758747646093743
10,21,10,2024,21.2,69,0,20.6,267.6,5.766272574315892
11,21,10,2024,21.8,66,0,20.4,391.7,5.766272574315892
12,21,10,2024,22.4,62,0,19.9,471.5,5.766272574315892
13,21,10,2024,23.0,60,0,19.2,497.1,5.766272574315892
14,21,10,2024,23.5,58,0,18.9,467.9,5.766272574315892
15,21,10,2024,23.9,56,0,18.4,387.2,5.764609919466792
16,21,10,2024,23.6,59,0,16.2,264.8,5.766272574315892
17,21,10,2024,22.9,63,0,15.0,124.2,5.765618404614944
18,21,10,2024,21.7,62,0,12.2,11.8,5.097248178391174
19,21,10,2024,20.8,64,0,10.6,0.0,5.09168460172476
20,21,10,2024,20.5,67,0,10.3,0.0,5.09168460172476
21,21,10,2024,19.9,72,0,9.7,0.0,5.086784539671769
22,21,10,2024,18.8,80,1,7.4,0.0,5.090548522138906
23,21,10,2024,17.9,86,1,7.1,0.0,5.089931459128269
0,22,10,2024,18.3,88,1,8.5,0.0,5.763906996847297
1,22,10,2024,18.2,90,0,8.2,0.0,5.768756388145139
2,22,10,2024,17.9,90,0,7.4,0.0,5.768756388145139
3,22,10,2024,17.6,90,0,8.4,0.0,5.768756388145139
4,22,10,2024,17.2,92,0,8.4,0.0,5.768756388145139
5,22,10,2024,16.8,93,0,7.1,0.0,5.768756388145139
6,22,10,2024,15.4,96,0,8.7,0.0,5.794986799400635
7,22,10,2024,15.9,95,0,7.1,0.0,5.794986799400635
8,22,10,2024,16.7,94,3,6.1,9.3,5.763906996847297
9,22,10,2024,19.1,89,13,8.9,117.5,5.771471477691037
10,22,10,2024,20.4,80,7,9.9,254.8,5.7780775373660855
11,22,10,2024,21.5,68,30,11.1,368.7,5.784948295887287
12,22,10,2024,22.2,62,30,10.1,385.5,5.784948295887287
13,22,10,2024,22.9,56,30,11.2,354.2,5.783285641038187
14,22,10,2024,23.1,55,30,10.5,357.8,5.783285641038187
15,22,10,2024,23.9,45,3,8.7,235.6,5.7887206169713155
16,22,10,2024,23.8,45,0,8.2,263.4,5.791047561258202
17,22,10,2024,22.9,51,3,7.2,123.4,5.78263147133724
18,22,10,2024,19.5,63,9,6.5,10.4,5.130224652494127
19,22,10,2024,17.8,67,2,8.7,0.0,5.103237336613563
20,22,10,2024,17.5,68,10,8.1,0.0,5.12646067002699
21,22,10,2024,17.1,71,2,8.7,0.0,5.098337274560572
22,22,10,2024,16.7,74,0,9.7,0.0,5.098337274560572
23,22,10,2024,16.4,76,0,10.1,0.0,5.103408035648129
0,23,10,2024,17.3,73,0,8.8,0.0,5.775587323841482
1,23,10,2024,17.0,75,0,9.4,0.0,5.775587323841482
2,23,10,2024,17.7,73,15,7.9,0.0,5.773260379554595
3,23,10,2024,16.7,86,27,7.9,0.0,5.767572555456401
4,23,10,2024,15.8,90,27,10.1,0.0,5.790137408102793
5,23,10,2024,16.0,90,18,8.9,0.0,5.790137408102793
6,23,10,2024,15.3,93,2,9.4,0.0,5.790137408102793
7,23,10,2024,16.6,92,16,6.8,0.0,5.763906996847297
8,23,10,2024,17.5,92,23,7.5,7.0,5.763906996847297
9,23,10,2024,19.4,86,31,10.0,87.5,5.7751370363001415
10,23,10,2024,20.7,75,30,9.1,186.6,5.777423367665138
11,23,10,2024,21.7,68,30,8.4,221.6,5.7681266798942845
12,23,10,2024,22.6,66,30,8.3,223.8,5.7681266798942845
13,23,10,2024,23.4,64,30,8.7,256.6,5.784948295887287
14,23,10,2024,23.8,61,32,8.7,225.6,5.76414927818645
15,23,10,2024,24.5,57,25,7.1,280.3,5.784948295887287
16,23,10,2024,23.9,62,21,7.4,245.1,5.784948295887287
17,23,10,2024,23.0,67,46,5.4,102.6,5.784245794030979
18,23,10,2024,20.5,82,47,5.2,3.1,5.124536828395933
19,23,10,2024,19.5,85,20,3.8,0.0,5.124536828395933
20,23,10,2024,17.8,92,13,7.4,0.0,5.124667601847933
21,23,10,2024,18.7,88,1,5.8,0.0,5.096544206381515
22,23,10,2024,18.3,89,0,5.4,0.0,5.096544206381515
23,23,10,2024,18.9,85,0,5.5,0.0,5.101484194017072
0,24,10,2024,15.5,91,0,8.1,0.0,5.814502151335036
1,24,10,2024,15.8,86,0,5.9,0.0,5.8221894945110755
2,24,10,2024,18.1,73,0,4.5,0.0,5.794431680438709
3,24,10,2024,15.4,89,1,8.0,0.0,5.809652760037194
4,24,10,2024,15.2,93,0,8.7,0.0,5.814502151335036
5,24,10,2024,15.8,93,0,8.3,0.0,5.814502151335036
6,24,10,2024,16.1,93,0,7.1,0.0,5.814502151335036
7,24,10,2024,15.1,96,0,9.4,0.0,5.814502151335036
8,24,10,2024,16.0,93,0,5.9,7.0,5.814502151335036
9,24,10,2024,18.4,87,1,4.9,107.2,5.78625599128379
10,24,10,2024,19.7,83,0,6.6,246.0,5.793033437332729
11,24,10,2024,20.8,78,0,7.4,363.7,5.795319768697725
12,24,10,2024,21.8,75,0,8.2,441.4,5.802190527218927
13,24,10,2024,22.3,75,11,9.2,466.8,5.79986358293204
14,24,10,2024,22.1,76,25,12.3,440.4,5.798556401077253
15,24,10,2024,21.7,77,31,11.0,342.3,5.79986358293204
16,24,10,2024,22.4,73,31,8.9,216.7,5.799209413231092
17,24,10,2024,21.8,76,32,5.5,81.3,5.799161081075732
18,24,10,2024,20.8,82,30,3.0,2.8,5.139452115440686
19,24,10,2024,20.3,84,28,4.9,0.0,5.139452115440686
20,24,10,2024,17.6,95,30,6.4,0.0,5.1395828888926856
21,24,10,2024,17.0,96,32,5.2,0.0,5.139083373433074
22,24,10,2024,16.3,97,44,4.6,0.0,5.185028727036329
23,24,10,2024,15.6,98,77,5.9,0.0,5.150917381673328
0,25,10,2024,15.5,98,87,7.9,0.0,5.805675358329359
1,25,10,2024,15.5,99,100,7.1,0.0,5.802173983657178
2,25,10,2024,16.2,99,100,4.7,0.0,5.802173983657178
3,25,10,2024,17.0,98,94,4.8,0.0,5.771343507512033
4,25,10,2024,15.7,99,100,5.5,0.0,5.802173983657178
5,25,10,2024,16.7,99,100,9.1,0.0,5.771343507512033
6,25,10,2024,17.4,97,100,13.0,0.0,5.779828021653804
7,25,10,2024,17.3,97,62,13.8,0.0,5.7833293963259855
8,25,10,2024,17.3,95,32,12.2,0.0,5.7735377003294275
9,25,10,2024,18.1,90,39,16.3,11.8,5.7833293963259855
10,25,10,2024,18.9,85,41,18.1,42.3,5.7972554242347245
11,25,10,2024,19.6,80,35,19.5,351.7,5.783542893441359
12,25,10,2024,20.2,75,38,19.7,406.8,5.783542893441359
13,25,10,2024,20.7,70,37,20.0,152.9,5.782888723740411
14,25,10,2024,21.7,64,29,22.0,150.3,5.789759482261613
15,25,10,2024,22.8,59,29,21.9,347.5,5.79041365196256
16,25,10,2024,22.6,66,34,20.0,177.4,5.789759482261613
17,25,10,2024,21.9,70,29,17.4,48.9,5.789759482261613
18,25,10,2024,21.4,69,31,20.5,1.9,5.146939533738157
19,25,10,2024,21.5,72,32,22.8,0.0,5.146939533738157
20,25,10,2024,21.3,72,30,21.4,0.0,5.146939533738157
21,25,10,2024,20.8,74,32,18.8,0.0,5.140876441612131
22,25,10,2024,20.8,75,34,16.8,0.0,5.140876441612131
23,25,10,2024,20.4,78,32,14.3,0.0,5.145947202699688
0,26,10,2024,20.4,76,31,17.8,0.0,5.797844406296941
1,26,10,2024,21.3,64,35,24.5,0.0,5.804417986236238
2,26,10,2024,21.6,59,48,26.5,0.0,5.804417986236238
3,26,10,2024,21.4,59,62,23.2,0.0,5.804715164818143
4,26,10,2024,21.0,63,49,24.6,0.0,5.804417986236238
5,26,10,2024,20.9,64,90,25.3,0.0,5.804417986236238
6,26,10,2024,21.4,59,71,27.0,0.0,5.804417986236238
7,26,10,2024,21.2,60,35,21.4,0.0,5.804715164818143
8,26,10,2024,21.1,58,32,21.0,2.4,5.804715164818143
9,26,10,2024,22.0,56,38,21.2,22.3,5.803052509969043
10,26,10,2024,23.0,55,33,20.0,163.4,5.807215498079586
11,26,10,2024,23.8,50,32,23.0,219.8,5.803286542927889
12,26,10,2024,24.1,48,37,26.4,180.8,5.802989364345985
13,26,10,2024,24.3,49,46,30.8,282.7,5.803643534046932
14,26,10,2024,24.2,50,66,30.6,184.9,5.802989364345985
15,26,10,2024,23.7,52,50,32.1,37.5,5.802989364345985
16,26,10,2024,23.7,52,45,30.9,189.7,5.802989364345985
17,26,10,2024,22.3,59,49,27.2,66.2,5.8046520191950846
18,26,10,2024,22.0,58,77,28.6,1.0,5.16605820440523
19,26,10,2024,21.5,61,44,29.2,0.0,5.16605820440523
20,26,10,2024,20.7,67,46,25.3,0.0,5.1591874458840286
21,26,10,2024,20.7,69,74,25.3,0.0,5.159995112279204
22,26,10,2024,20.6,72,32,22.3,0.0,5.159995112279204
23,26,10,2024,20.0,75,35,19.8,0.0,5.1650658733667605
0,27,10,2024,19.8,77,16,19.7,0.0,5.800072506265261
1,27,10,2024,19.8,74,19,19.4,0.0,5.800072506265261
2,27,10,2024,19.6,74,6,16.2,0.0,5.800072506265261
3,27,10,2024,19.4,73,28,15.9,0.0,5.800072506265261
4,27,10,2024,19.9,75,15,20.4,0.0,5.800072506265261
5,27,10,2024,19.7,75,8,18.1,0.0,5.800072506265261
6,27,10,2024,19.4,76,20,15.9,0.0,5.800072506265261
7,27,10,2024,19.2,77,36,14.3,0.0,5.800072506265261
8,27,10,2024,19.2,79,39,16.4,4.8,5.800072506265261
9,27,10,2024,20.1,76,46,19.5,12.0,5.800072506265261
10,27,10,2024,21.4,69,28,20.9,163.7,5.811106252897005
11,27,10,2024,22.2,66,16,22.2,304.5,5.807831467446256
12,27,10,2024,22.8,65,30,22.3,362.8,5.807831467446256
13,27,10,2024,23.4,63,24,20.6,297.8,5.811760422597953
14,27,10,2024,24.1,61,5,20.6,391.8,5.811760422597953
15,27,10,2024,24.4,61,12,16.8,344.2,5.811760422597953
16,27,10,2024,24.8,60,19,17.3,137.2,5.811106252897005
17,27,10,2024,24.4,61,28,21.3,88.1,5.811106252897005
18,27,10,2024,23.2,62,53,19.3,1.1,5.184573714115027
19,27,10,2024,23.3,61,31,24.1,0.0,5.184573714115027
20,27,10,2024,23.0,63,30,25.5,0.0,5.16605820440523
21,27,10,2024,22.1,69,23,20.2,0.0,5.166865870800406
22,27,10,2024,21.8,69,4,24.4,0.0,5.1548583325708375
23,27,10,2024,21.9,65,0,29.8,0.0,5.137882887561263
0,28,10,2024,21.7,67,0,30.3,0.0,5.8152873305779424
1,28,10,2024,21.4,69,4,29.2,0.0,5.8129603862910555
2,28,10,2024,21.2,70,6,30.0,0.0,5.8129603862910555
3,28,10,2024,21.0,70,5,31.5,0.0,5.8129603862910555
4,28,10,2024,21.4,75,7,29.1,0.0,5.8129603862910555
5,28,10,2024,21.2,75,26,28.5,0.0,5.817487144518334
6,28,10,2024,21.0,75,32,27.8,0.0,5.817487144518334
7,28,10,2024,20.9,75,32,28.0,0.0,5.817487144518334
8,28,10,2024,20.9,75,20,27.5,2.4,5.817487144518334
9,28,10,2024,21.9,71,30,30.5,87.5,5.81772117747718
10,28,10,2024,22.5,69,24,25.9,212.6,5.81772117747718
11,28,10,2024,23.2,66,10,25.2,331.4,5.813848588950849
12,28,10,2024,23.8,64,4,24.9,380.8,5.813848588950849
13,28,10,2024,24.4,62,0,23.0,432.6,5.820999470046919
14,28,10,2024,24.8,60,0,18.9,420.6,5.824928425198616
15,28,10,2024,25.1,60,0,13.9,342.1,5.824928425198616
16,28,10,2024,25.3,64,6,16.9,176.4,5.821947311210781
17,28,10,2024,24.8,66,1,13.7,88.2,5.821947311210781
18,28,10,2024,23.4,69,1,10.5,1.2,5.148553246840473
19,28,10,2024,22.4,70,1,8.5,0.0,5.148553246840473
20,28,10,2024,22.0,71,0,8.4,0.0,5.148553246840473
21,28,10,2024,21.2,73,3,7.4,0.0,5.14741716725462
22,28,10,2024,20.6,76,5,7.1,0.0,5.162592614830549
23,28,10,2024,19.6,83,2,7.5,0.0,5.139929345722781
0,29,10,2024,18.8,88,21,8.4,0.0,5.823645815364693
1,29,10,2024,19.1,88,18,6.4,0.0,5.823645815364693
2,29,10,2024,18.4,91,23,6.7,0.0,5.823645815364693
3,29,10,2024,18.1,91,33,7.7,0.0,5.819668413656858
4,29,10,2024,17.4,93,46,9.2,0.0,5.819668413656858
5,29,10,2024,17.2,93,45,9.5,0.0,5.819668413656858
6,29,10,2024,17.4,92,56,8.0,0.0,5.819668413656858
7,29,10,2024,17.3,93,36,7.6,0.0,5.819668413656858
8,29,10,2024,17.4,93,34,7.3,0.0,5.819668413656858
9,29,10,2024,19.9,84,24,4.1,54.7,5.834875854817538
10,29,10,2024,21.6,77,31,4.8,196.0,5.84796201425621
11,29,10,2024,22.3,73,55,4.6,164.7,5.843984612548375
12,29,10,2024,22.9,73,79,4.1,208.4,5.843984612548375
13,29,10,2024,23.2,71,98,4.4,195.2,5.843984612548375
14,29,10,2024,23.6,69,20,3.3,218.4,5.84796201425621
15,29,10,2024,23.4,69,67,7.0,252.5,5.840709712696849
16,29,10,2024,23.4,69,37,15.0,117.4,5.834583013734257
17,29,10,2024,21.9,75,36,15.7,38.0,5.834583013734257
18,29,10,2024,20.2,84,31,14.8,0.0,5.176976382623086
19,29,10,2024,19.2,92,27,16.8,0.0,5.177107156075086
20,29,10,2024,19.0,95,9,18.5,0.0,5.177107156075086
21,29,10,2024,18.9,96,24,17.6,0.0,5.177914822470261
22,29,10,2024,18.9,95,87,17.1,0.0,5.177914822470261
23,29,10,2024,18.7,97,92,15.0,0.0,5.17320963360092
0,30,10,2024,18.6,97,92,13.1,0.0,5.853799202264511
1,30,10,2024,18.4,98,91,12.4,0.0,5.844007506267953
2,30,10,2024,18.2,99,92,12.8,0.0,5.844007506267953
3,30,10,2024,18.1,99,90,13.8,0.0,5.853799202264511
4,30,10,2024,17.8,98,90,14.0,0.0,5.853799202264511
5,30,10,2024,17.6,97,1,14.0,0.0,5.853799202264511
6,30,10,2024,17.4,96,1,15.8,0.0,5.853799202264511
7,30,10,2024,17.6,95,1,16.3,0.0,5.853799202264511
8,30,10,2024,17.8,95,10,15.0,2.5,5.853799202264511
9,30,10,2024,19.4,88,40,19.0,64.4,5.847406639704836
10,30,10,2024,20.7,81,30,19.7,102.5,5.851072198313941
11,30,10,2024,22.5,68,37,20.2,221.6,5.844061841908084
12,30,10,2024,23.6,64,14,19.0,301.1,5.860883457901086
13,30,10,2024,24.2,62,21,20.4,399.4,5.860883457901086
14,30,10,2024,23.8,64,17,23.4,351.1,5.856657324167485
15,30,10,2024,23.1,67,18,23.5,281.5,5.856657324167485
16,30,10,2024,23.3,66,5,19.9,170.7,5.860229288200139
17,30,10,2024,21.1,76,8,20.6,87.7,5.860229288200139
18,30,10,2024,19.6,83,5,19.0,0.0,5.195015665452779
19,30,10,2024,19.1,87,3,18.6,0.0,5.172969459355648
20,30,10,2024,18.8,89,4,17.3,0.0,5.195146438904779
21,30,10,2024,18.4,91,7,15.3,0.0,5.199160550342764
22,30,10,2024,18.1,93,8,11.5,0.0,5.203561096936143
23,30,10,2024,17.8,94,5,9.8,0.0,5.186848369837234
0,31,10,2024,17.5,94,4,8.7,0.0,5.849292089830575
